<?xml version="1.0" ?>
<!--Arms-->
<Root>
    <Item>
        <type>A1_infantry</type>
        <pngPrefix>A1</pngPrefix>
        <action>stand</action>
        <startPos>6</startPos>
        <endPos>7</endPos>
    </Item>
    <Item>
        <type>A1_infantry</type>
        <pngPrefix>A1</pngPrefix>
        <action>walk</action>
        <startPos>4</startPos>
        <endPos>6</endPos>
    </Item>
    <Item>
        <type>A1_infantry</type>
        <pngPrefix>A1</pngPrefix>
        <action>attack</action>
        <startPos>0</startPos>
        <endPos>4</endPos>
    </Item>
    <Item>
        <type>A1_infantry</type>
        <pngPrefix>A1</pngPrefix>
        <action>dead</action>
        <startPos>7</startPos>
        <endPos>9</endPos>
    </Item>
    <Item>
        <type>A2_archer</type>
        <pngPrefix>A2</pngPrefix>
        <action>stand</action>
        <startPos>6</startPos>
        <endPos>7</endPos>
    </Item>
    <Item>
        <type>A2_archer</type>
        <pngPrefix>A2</pngPrefix>
        <action>walk</action>
        <startPos>4</startPos>
        <endPos>6</endPos>
    </Item>
    <Item>
        <type>A2_archer</type>
        <pngPrefix>A2</pngPrefix>
        <action>attack</action>
        <startPos>0</startPos>
        <endPos>2</endPos>
    </Item>
    <Item>
        <type>A2_archer</type>
        <pngPrefix>A2</pngPrefix>
        <action>dead</action>
        <startPos>7</startPos>
        <endPos>9</endPos>
    </Item>
    <Item>
        <type>Hero02_general</type>
        <pngPrefix>Hero02</pngPrefix>
        <action>stand</action>
        <startPos>6</startPos>
        <endPos>7</endPos>
    </Item>
    <Item>
        <type>Hero02_general</type>
        <pngPrefix>Hero02</pngPrefix>
        <action>walk</action>
        <startPos>4</startPos>
        <endPos>6</endPos>
    </Item>
    <Item>
        <type>Hero02_general</type>
        <pngPrefix>Hero02</pngPrefix>
        <action>attack</action>
        <startPos>0</startPos>
        <endPos>4</endPos>
    </Item>
    <Item>
        <type>Hero02_general</type>
        <pngPrefix>Hero02</pngPrefix>
        <action>dead</action>
        <startPos>7</startPos>
        <endPos>9</endPos>
    </Item>
    <Item>
        <type>B1_infantry</type>
        <pngPrefix>B1</pngPrefix>
        <action>stand</action>
        <startPos>6</startPos>
        <endPos>7</endPos>
    </Item>
    <Item>
        <type>B1_infantry</type>
        <pngPrefix>B1</pngPrefix>
        <action>walk</action>
        <startPos>4</startPos>
        <endPos>6</endPos>
    </Item>
    <Item>
        <type>B1_infantry</type>
        <pngPrefix>B1</pngPrefix>
        <action>attack</action>
        <startPos>0</startPos>
        <endPos>2</endPos>
    </Item>
    <Item>
        <type>B1_infantry</type>
        <pngPrefix>B1</pngPrefix>
        <action>dead</action>
        <startPos>7</startPos>
        <endPos>9</endPos>
    </Item>                   
</Root>
