<?xml version="1.0" ?>
<!--Arms-->
<Root>
    <Item>
        <num>A1_stand</num>
        <type>A1_infantry</type>
        <pngPrefix>A1</pngPrefix>
        <action>stand</action>
        <startPos>6</startPos>
        <endPos>7</endPos>
    </Item>
    <Item>
        <num>A1_walk</num>
        <type>A1_infantry</type>
        <pngPrefix>A1</pngPrefix>
        <action>walk</action>
        <startPos>4</startPos>
        <endPos>6</endPos>
    </Item>
    <Item>
        <num>A1_attack</num>
        <type>A1_infantry</type>
        <pngPrefix>A1</pngPrefix>
        <action>attack</action>
        <startPos>0</startPos>
        <endPos>4</endPos>
    </Item>
    <Item>
        <num>A1_dead</num>
        <type>A1_infantry</type>
        <pngPrefix>A1</pngPrefix>
        <action>dead</action>
        <startPos>7</startPos>
        <endPos>9</endPos>
    </Item>
    <Item>
        <num>A2_stand</num>
        <type>A2_archer</type>
        <pngPrefix>A2</pngPrefix>
        <action>stand</action>
        <startPos>6</startPos>
        <endPos>7</endPos>
    </Item>
    <Item>
        <num>A2_walk</num>
        <type>A2_archer</type>
        <pngPrefix>A2</pngPrefix>
        <action>walk</action>
        <startPos>4</startPos>
        <endPos>6</endPos>
    </Item>
    <Item>
        <num>A2_attack</num>
        <type>A2_archer</type>
        <pngPrefix>A2</pngPrefix>
        <action>attack</action>
        <startPos>0</startPos>
        <endPos>2</endPos>
    </Item>
    <Item>
        <num>A2_dead</num>
        <type>A2_archer</type>
        <pngPrefix>A2</pngPrefix>
        <action>dead</action>
        <startPos>7</startPos>
        <endPos>9</endPos>
    </Item>
    <Item>
        <num>A3_stand</num>
        <type>A3_general</type>
        <pngPrefix>A3</pngPrefix>
        <action>stand</action>
        <startPos>6</startPos>
        <endPos>7</endPos>
    </Item>
    <Item>
        <num>A3_walk</num>
        <type>A3_general</type>
        <pngPrefix>A3</pngPrefix>
        <action>walk</action>
        <startPos>4</startPos>
        <endPos>6</endPos>
    </Item>
    <Item>
        <num>A3_attack</num>
        <type>A3_general</type>
        <pngPrefix>A3</pngPrefix>
        <action>attack</action>
        <startPos>0</startPos>
        <endPos>4</endPos>
    </Item>
    <Item>
        <num>A3_dead</num>
        <type>A3_general</type>
        <pngPrefix>A3</pngPrefix>
        <action>dead</action>
        <startPos>7</startPos>
        <endPos>9</endPos>
    </Item>
    <Item>
        <num>A4_stand</num>
        <type>A4_lance</type>
        <pngPrefix>A4</pngPrefix>
        <action>stand</action>
        <startPos>6</startPos>
        <endPos>7</endPos>
    </Item>
    <Item>
        <num>A4_walk</num>
        <type>A4_lance</type>
        <pngPrefix>A4</pngPrefix>
        <action>walk</action>
        <startPos>4</startPos>
        <endPos>6</endPos>
    </Item>
    <Item>
        <num>A4_attack</num>
        <type>A4_lance</type>
        <pngPrefix>A4</pngPrefix>
        <action>attack</action>
        <startPos>0</startPos>
        <endPos>4</endPos>
    </Item>
    <Item>
        <num>A4_dead</num>
        <type>A4_lance</type>
        <pngPrefix>A4</pngPrefix>
        <action>dead</action>
        <startPos>7</startPos>
        <endPos>9</endPos>
    </Item>
    <Item>
        <num>B1_stand</num>
        <type>B1_infantry</type>
        <pngPrefix>B1</pngPrefix>
        <action>stand</action>
        <startPos>6</startPos>
        <endPos>7</endPos>
    </Item>
    <Item>
        <num>B1_walk</num>
        <type>B1_infantry</type>
        <pngPrefix>B1</pngPrefix>
        <action>walk</action>
        <startPos>4</startPos>
        <endPos>6</endPos>
    </Item>
    <Item>
        <num>B1_attack</num>
        <type>B1_infantry</type>
        <pngPrefix>B1</pngPrefix>
        <action>attack</action>
        <startPos>0</startPos>
        <endPos>4</endPos>
    </Item>
    <Item>
        <num>B1_dead</num>
        <type>B1_infantry</type>
        <pngPrefix>B1</pngPrefix>
        <action>dead</action>
        <startPos>7</startPos>
        <endPos>9</endPos>
    </Item>
    <Item>
        <num>B2_walk</num>
        <type>B2_archer</type>
        <pngPrefix>B2</pngPrefix>
        <action>walk</action>
        <startPos>4</startPos>
        <endPos>6</endPos>
    </Item>
    <Item>
        <num>B2_attack</num>
        <type>B2_archer</type>
        <pngPrefix>B2</pngPrefix>
        <action>attack</action>
        <startPos>0</startPos>
        <endPos>2</endPos>
    </Item>
    <Item>
        <num>B2_dead</num>
        <type>B2_archer</type>
        <pngPrefix>B2</pngPrefix>
        <action>dead</action>
        <startPos>7</startPos>
        <endPos>9</endPos>
    </Item>
    <Item>
        <num>B3_stand</num>
        <type>B3_general</type>
        <pngPrefix>B3</pngPrefix>
        <action>stand</action>
        <startPos>6</startPos>
        <endPos>7</endPos>
    </Item>
    <Item>
        <num>B3_walk</num>
        <type>B3_general</type>
        <pngPrefix>B3</pngPrefix>
        <action>walk</action>
        <startPos>4</startPos>
        <endPos>6</endPos>
    </Item>
    <Item>
        <num>B3_attack</num>
        <type>B3_general</type>
        <pngPrefix>B3</pngPrefix>
        <action>attack</action>
        <startPos>0</startPos>
        <endPos>4</endPos>
    </Item>
    <Item>
        <num>B3_dead</num>
        <type>B3_general</type>
        <pngPrefix>B3</pngPrefix>
        <action>dead</action>
        <startPos>7</startPos>
        <endPos>9</endPos>
    </Item>
    <Item>
        <num>B4_stand</num>
        <type>B4_lance</type>
        <pngPrefix>B4</pngPrefix>
        <action>stand</action>
        <startPos>6</startPos>
        <endPos>7</endPos>
    </Item>
    <Item>
        <num>B4_walk</num>
        <type>B4_lance</type>
        <pngPrefix>B4</pngPrefix>
        <action>walk</action>
        <startPos>4</startPos>
        <endPos>6</endPos>
    </Item>
    <Item>
        <num>B4_attack</num>
        <type>B4_lance</type>
        <pngPrefix>B4</pngPrefix>
        <action>attack</action>
        <startPos>0</startPos>
        <endPos>4</endPos>
    </Item>
    <Item>
        <num>B4_dead</num>
        <type>B4_lance</type>
        <pngPrefix>B4</pngPrefix>
        <action>dead</action>
        <startPos>7</startPos>
        <endPos>9</endPos>
    </Item>
    <Item>
        <num>Hero02_stand</num>
        <type>Hero02_general</type>
        <pngPrefix>Hero02</pngPrefix>
        <action>stand</action>
        <startPos>6</startPos>
        <endPos>7</endPos>
    </Item>
    <Item>
        <num>Hero02_walk</num>
        <type>Hero02_general</type>
        <pngPrefix>Hero02</pngPrefix>
        <action>walk</action>
        <startPos>4</startPos>
        <endPos>6</endPos>
    </Item>
    <Item>
        <num>Hero02_attack</num>
        <type>Hero02_general</type>
        <pngPrefix>Hero02</pngPrefix>
        <action>attack</action>
        <startPos>0</startPos>
        <endPos>4</endPos>
    </Item>
    <Item>
        <num>Hero02_dead</num>
        <type>Hero02_general</type>
        <pngPrefix>Hero02</pngPrefix>
        <action>dead</action>
        <startPos>7</startPos>
        <endPos>9</endPos>
    </Item>
    <Item>
        <num>Hero11_stand</num>
        <type>Hero11_infantry</type>
        <pngPrefix>Hero11</pngPrefix>
        <action>stand</action>
        <startPos>6</startPos>
        <endPos>7</endPos>
    </Item>
    <Item>
        <num>Hero11_walk</num>
        <type>Hero11_infantry</type>
        <pngPrefix>Hero11</pngPrefix>
        <action>walk</action>
        <startPos>4</startPos>
        <endPos>6</endPos>
    </Item>
    <Item>
        <num>Hero11_attack</num>
        <type>Hero11_infantry</type>
        <pngPrefix>Hero11</pngPrefix>
        <action>attack</action>
        <startPos>0</startPos>
        <endPos>4</endPos>
    </Item>
    <Item>
        <num>Hero11_dead</num>
        <type>Hero11_infantry</type>
        <pngPrefix>Hero11</pngPrefix>
        <action>dead</action>
        <startPos>7</startPos>
        <endPos>9</endPos>
    </Item>
    <Item>
        <num>gold_rotate</num>
        <type>gold</type>
        <pngPrefix>gold</pngPrefix>
        <action>roate</action>
        <startPos>0</startPos>
        <endPos>4</endPos>
    </Item>
    <Item>
        <num>bomb_stand</num>
        <type>bomb</type>
        <pngPrefix>bomb_stand</pngPrefix>
        <action>stand</action>
        <startPos>0</startPos>
        <endPos>3</endPos>
    </Item>
    <Item>
        <num>startrail2</num>
        <type>startrail2</type>
        <pngPrefix>startrail2</pngPrefix>
        <action>effect</action>
        <startPos>1</startPos>
        <endPos>13</endPos>
    </Item>
    <Item>
        <num>supersparkleburst2</num>
        <type>supersparkleburst2</type>
        <pngPrefix>supersparkleburst2</pngPrefix>
        <action>effect</action>
        <startPos>1</startPos>
        <endPos>13</endPos>
    </Item>
    <Item>
        <num>spaceexplosion</num>
        <type>spaceexplosion</type>
        <pngPrefix>spaceexplosion</pngPrefix>
        <action>effect</action>
        <startPos>1</startPos>
        <endPos>14</endPos>
    </Item>
    <Item>
        <num>flarerays</num>
        <type>flarerays</type>
        <pngPrefix>flarerays</pngPrefix>
        <action>effect</action>
        <startPos>1</startPos>
        <endPos>17</endPos>
    </Item>
    <Item>
        <num>fighter_stand</num>
        <type>fighter_gladiator</type>
        <pngPrefix>fighter</pngPrefix>
        <action>stand</action>
        <startPos>114</startPos>
        <endPos>118</endPos>
        <interval>0.1</interval>
    </Item>
    <Item>
        <num>fighter_walk</num>
        <type>fighter_gladiator</type>
        <pngPrefix>fighter</pngPrefix>
        <action>walk</action>
        <startPos>137</startPos>
        <endPos>145</endPos>
        <interval>0.1</interval>
    </Item>
    <Item>
        <num>fighter_attack</num>
        <type>fighter_gladiator</type>
        <pngPrefix>fighter</pngPrefix>
        <action>attack</action>
        <startPos>5</startPos>
        <endPos>18</endPos>
        <interval>0.07</interval>
    </Item>
    <Item>
        <num>fighter_dead</num>
        <type>fighter_gladiator</type>
        <pngPrefix>fighter</pngPrefix>
        <action>dead</action>
        <startPos>80</startPos>
        <endPos>85</endPos>
        <interval>0.1</interval>
    </Item>
    <Item>
        <num>fighter_beenhit</num>
        <type>fighter_gladiator</type>
        <pngPrefix>fighter</pngPrefix>
        <action>beenhit</action>
        <startPos>77</startPos>
        <endPos>80</endPos>
        <interval>0.2</interval>
    </Item>
    <Item>
        <num>fighter_jumpup</num>
        <type>fighter_gladiator</type>
        <pngPrefix>fighter</pngPrefix>
        <action>jumpup</action>
        <startPos>49</startPos>
        <endPos>51</endPos>
        <interval>0.2</interval>
    </Item>
    <Item>
        <num>fighter_jumpdown</num>
        <type>fighter_gladiator</type>
        <pngPrefix>fighter</pngPrefix>
        <action>jumpdown</action>
        <startPos>51</startPos>
        <endPos>53</endPos>
        <interval>0.2</interval>
    </Item>
    <Item>
        <num>fighter_run</num>
        <type>fighter_gladiator</type>
        <pngPrefix>fighter</pngPrefix>
        <action>run</action>
        <startPos>40</startPos>
        <endPos>48</endPos>
        <interval>0.1</interval>
    </Item>
    <Item>
        <num>fighter_skill1</num>
        <type>fighter_gladiator</type>
        <pngPrefix>fighter</pngPrefix>
        <action>skill1</action>
        <startPos>93</startPos>
        <endPos>97</endPos>
        <interval>0.2</interval>
    </Item>
    <Item>
        <num>fighter_skill2</num>
        <type>fighter_gladiator</type>
        <pngPrefix>fighter</pngPrefix>
        <action>skill2</action>
        <startPos>30</startPos>
        <endPos>36</endPos>
        <interval>0.1</interval>
    </Item>
    <Item>
        <num>fighter_skill4</num>
        <type>fighter_gladiator</type>
        <pngPrefix>fighter</pngPrefix>
        <action>skill4</action>
        <startPos>67</startPos>
        <endPos>78</endPos>
        <interval>0.08</interval>
    </Item>
    <Item>
        <num>fighter_skill5</num>
        <type>fighter_gladiator</type>
        <pngPrefix>fighter</pngPrefix>
        <action>skill5</action>
        <startPos>155</startPos>
        <endPos>161</endPos>
        <interval>0.1</interval>
    </Item>
    <Item>
        <num>SwordMan_stand</num>
        <type>SwordMan_gladiator</type>
        <pngPrefix>SwordMan</pngPrefix>
        <action>stand</action>
        <startPos>31</startPos>
        <endPos>35</endPos>
        <interval>0.1</interval>
    </Item>
    <Item>
        <num>SwordMan_walk</num>
        <type>SwordMan_gladiator</type>
        <pngPrefix>SwordMan</pngPrefix>
        <action>walk</action>
        <startPos>23</startPos>
        <endPos>31</endPos>
        <interval>0.1</interval>
    </Item>
    <Item>
        <num>SwordMan_attack</num>
        <type>SwordMan_gladiator</type>
        <pngPrefix>SwordMan</pngPrefix>
        <action>attack</action>
        <startPos>179</startPos>
        <endPos>189</endPos>
        <interval>0.07</interval>
    </Item>
    <Item>
        <num>SwordMan_dead</num>
        <type>SwordMan_gladiator</type>
        <pngPrefix>SwordMan</pngPrefix>
        <action>dead</action>
        <startPos>107</startPos>
        <endPos>111</endPos>
        <interval>0.1</interval>
    </Item>
    <Item>
        <num>SwordMan_beenhit</num>
        <type>SwordMan_gladiator</type>
        <pngPrefix>SwordMan</pngPrefix>
        <action>beenhit</action>
        <startPos>111</startPos>
        <endPos>115</endPos>
        <interval>0.1</interval>
    </Item>
    <Item>
        <num>SwordMan_jumpup</num>
        <type>SwordMan_gladiator</type>
        <pngPrefix>SwordMan</pngPrefix>
        <action>jumpup</action>
        <startPos>84</startPos>
        <endPos>86</endPos>
        <interval>0.2</interval>
    </Item>
    <Item>
        <num>SwordMan_jumpdown</num>
        <type>SwordMan_gladiator</type>
        <pngPrefix>SwordMan</pngPrefix>
        <action>jumpdown</action>
        <startPos>82</startPos>
        <endPos>84</endPos>
        <interval>0.2</interval>
    </Item>
    <Item>
        <num>SwordMan_run</num>
        <type>SwordMan_gladiator</type>
        <pngPrefix>SwordMan</pngPrefix>
        <action>run</action>
        <startPos>98</startPos>
        <endPos>106</endPos>
        <interval>0.1</interval>
    </Item>
    <Item>
        <num>SwordMan_skill1</num>
        <type>SwordMan_gladiator</type>
        <pngPrefix>SwordMan</pngPrefix>
        <action>skill1</action>
        <startPos>121</startPos>
        <endPos>131</endPos>
        <interval>0.1</interval>
    </Item>
    <Item>
        <num>SwordMan_skill2</num>
        <type>SwordMan_gladiator</type>
        <pngPrefix>SwordMan</pngPrefix>
        <action>skill2</action>
        <startPos>161</startPos>
        <endPos>169</endPos>
        <interval>0.1</interval>
    </Item>
    <Item>
        <num>SwordMan_skill4</num>
        <type>SwordMan_gladiator</type>
        <pngPrefix>SwordMan</pngPrefix>
        <action>skill4</action>
        <startPos>146</startPos>
        <endPos>152</endPos>
        <interval>0.1</interval>
    </Item>
    <Item>
        <num>SwordMan_skill5</num>
        <type>SwordMan_gladiator</type>
        <pngPrefix>SwordMan</pngPrefix>
        <action>skill5</action>
        <startPos>1</startPos>
        <endPos>12</endPos>
        <interval>0.1</interval>
    </Item>

</Root>
