<?xml version="1.0" ?>
<!--Arms-->
<Root>
    <Item>
    	  <num>1</num>
        <type>A1_infantry</type>
        <pngPrefix>A1</pngPrefix>
        <action>stand</action>
        <startPos>6</startPos>
        <endPos>7</endPos>
    </Item>
    <Item>
    	  <num>2</num>
        <type>A1_infantry</type>
        <pngPrefix>A1</pngPrefix>
        <action>walk</action>
        <startPos>4</startPos>
        <endPos>6</endPos>
    </Item>
    <Item>
    	  <num>3</num>
        <type>A1_infantry</type>
        <pngPrefix>A1</pngPrefix>
        <action>attack</action>
        <startPos>0</startPos>
        <endPos>4</endPos>
    </Item>
    <Item>
    	  <num>4</num>
        <type>A1_infantry</type>
        <pngPrefix>A1</pngPrefix>
        <action>dead</action>
        <startPos>7</startPos>
        <endPos>9</endPos>
    </Item>
    <Item>
    	  <num>5</num>
        <type>A2_archer</type>
        <pngPrefix>A2</pngPrefix>
        <action>stand</action>
        <startPos>6</startPos>
        <endPos>7</endPos>
    </Item>
    <Item>
    	  <num>6</num>
        <type>A2_archer</type>
        <pngPrefix>A2</pngPrefix>
        <action>walk</action>
        <startPos>4</startPos>
        <endPos>6</endPos>
    </Item>
    <Item>
    	  <num>7</num>
        <type>A2_archer</type>
        <pngPrefix>A2</pngPrefix>
        <action>attack</action>
        <startPos>0</startPos>
        <endPos>2</endPos>
    </Item>
    <Item>
    	  <num>8</num>
        <type>A2_archer</type>
        <pngPrefix>A2</pngPrefix>
        <action>dead</action>
        <startPos>7</startPos>
        <endPos>9</endPos>
    </Item>
    <Item>
    	  <num>9</num>
        <type>Hero02_general</type>
        <pngPrefix>Hero02</pngPrefix>
        <action>stand</action>
        <startPos>6</startPos>
        <endPos>7</endPos>
    </Item>
    <Item>
    	  <num>10</num>
        <type>Hero02_general</type>
        <pngPrefix>Hero02</pngPrefix>
        <action>walk</action>
        <startPos>4</startPos>
        <endPos>6</endPos>
    </Item>
    <Item>
    	  <num>11</num>
        <type>Hero02_general</type>
        <pngPrefix>Hero02</pngPrefix>
        <action>attack</action>
        <startPos>0</startPos>
        <endPos>4</endPos>
    </Item>
    <Item>
    	  <num>12</num>
        <type>Hero02_general</type>
        <pngPrefix>Hero02</pngPrefix>
        <action>dead</action>
        <startPos>7</startPos>
        <endPos>9</endPos>
    </Item>
    <Item>
    	  <num>13</num>
        <type>B1_infantry</type>
        <pngPrefix>B1</pngPrefix>
        <action>stand</action>
        <startPos>6</startPos>
        <endPos>7</endPos>
    </Item>
    <Item>
    	  <num>14</num>
        <type>B1_infantry</type>
        <pngPrefix>B1</pngPrefix>
        <action>walk</action>
        <startPos>4</startPos>
        <endPos>6</endPos>
    </Item>
    <Item>
    	  <num>15</num>
        <type>B1_infantry</type>
        <pngPrefix>B1</pngPrefix>
        <action>attack</action>
        <startPos>0</startPos>
        <endPos>2</endPos>
    </Item>
    <Item>
    	  <num>16</num>
        <type>B1_infantry</type>
        <pngPrefix>B1</pngPrefix>
        <action>dead</action>
        <startPos>7</startPos>
        <endPos>9</endPos>
    </Item>                   
</Root>
