<?xml version="1.0" ?>
<!--Arms-->
<Root>
    <Item>
        <num>A1_stand</num>
        <type>A1_infantry</type>
        <pngPrefix>A1</pngPrefix>
        <action>stand</action>
        <startPos>6</startPos>
        <endPos>7</endPos>
    </Item>
    <Item>
        <num>A1_walk</num>
        <type>A1_infantry</type>
        <pngPrefix>A1</pngPrefix>
        <action>walk</action>
        <startPos>4</startPos>
        <endPos>6</endPos>
    </Item>
    <Item>
        <num>A1_attack</num>
        <type>A1_infantry</type>
        <pngPrefix>A1</pngPrefix>
        <action>attack</action>
        <startPos>0</startPos>
        <endPos>4</endPos>
    </Item>
    <Item>
        <num>A1_dead</num>
        <type>A1_infantry</type>
        <pngPrefix>A1</pngPrefix>
        <action>dead</action>
        <startPos>7</startPos>
        <endPos>9</endPos>
    </Item>
    <Item>
        <num>A2_stand</num>
        <type>A2_archer</type>
        <pngPrefix>A2</pngPrefix>
        <action>stand</action>
        <startPos>6</startPos>
        <endPos>7</endPos>
    </Item>
    <Item>
        <num>A2_walk</num>
        <type>A2_archer</type>
        <pngPrefix>A2</pngPrefix>
        <action>walk</action>
        <startPos>4</startPos>
        <endPos>6</endPos>
    </Item>
    <Item>
        <num>A2_attack</num>
        <type>A2_archer</type>
        <pngPrefix>A2</pngPrefix>
        <action>attack</action>
        <startPos>0</startPos>
        <endPos>2</endPos>
    </Item>
    <Item>
        <num>A2_dead</num>
        <type>A2_archer</type>
        <pngPrefix>A2</pngPrefix>
        <action>dead</action>
        <startPos>7</startPos>
        <endPos>9</endPos>
    </Item>
    <Item>
        <num>A3_stand</num>
        <type>A3_general</type>
        <pngPrefix>A3</pngPrefix>
        <action>stand</action>
        <startPos>6</startPos>
        <endPos>7</endPos>
    </Item>
    <Item>
        <num>A3_walk</num>
        <type>A3_general</type>
        <pngPrefix>A3</pngPrefix>
        <action>walk</action>
        <startPos>4</startPos>
        <endPos>6</endPos>
    </Item>
    <Item>
        <num>A3_attack</num>
        <type>A3_general</type>
        <pngPrefix>A3</pngPrefix>
        <action>attack</action>
        <startPos>0</startPos>
        <endPos>4</endPos>
    </Item>
    <Item>
        <num>A3_dead</num>
        <type>A3_general</type>
        <pngPrefix>A3</pngPrefix>
        <action>dead</action>
        <startPos>7</startPos>
        <endPos>9</endPos>
    </Item>
    <Item>
        <num>A4_stand</num>
        <type>A4_lance</type>
        <pngPrefix>A4</pngPrefix>
        <action>stand</action>
        <startPos>6</startPos>
        <endPos>7</endPos>
    </Item>
    <Item>
        <num>A4_walk</num>
        <type>A4_lance</type>
        <pngPrefix>A4</pngPrefix>
        <action>walk</action>
        <startPos>4</startPos>
        <endPos>6</endPos>
    </Item>
    <Item>
        <num>A4_attack</num>
        <type>A4_lance</type>
        <pngPrefix>A4</pngPrefix>
        <action>attack</action>
        <startPos>0</startPos>
        <endPos>4</endPos>
    </Item>
    <Item>
        <num>A4_dead</num>
        <type>A4_lance</type>
        <pngPrefix>A4</pngPrefix>
        <action>dead</action>
        <startPos>7</startPos>
        <endPos>9</endPos>
    </Item>
    <Item>
        <num>B1_stand</num>
        <type>B1_infantry</type>
        <pngPrefix>B1</pngPrefix>
        <action>stand</action>
        <startPos>6</startPos>
        <endPos>7</endPos>
    </Item>
    <Item>
        <num>B1_walk</num>
        <type>B1_infantry</type>
        <pngPrefix>B1</pngPrefix>
        <action>walk</action>
        <startPos>4</startPos>
        <endPos>6</endPos>
    </Item>
    <Item>
        <num>B1_attack</num>
        <type>B1_infantry</type>
        <pngPrefix>B1</pngPrefix>
        <action>attack</action>
        <startPos>0</startPos>
        <endPos>4</endPos>
    </Item>
    <Item>
        <num>B1_dead</num>
        <type>B1_infantry</type>
        <pngPrefix>B1</pngPrefix>
        <action>dead</action>
        <startPos>7</startPos>
        <endPos>9</endPos>
    </Item>
    <Item>
        <num>B2_walk</num>
        <type>B2_archer</type>
        <pngPrefix>B2</pngPrefix>
        <action>walk</action>
        <startPos>4</startPos>
        <endPos>6</endPos>
    </Item>
    <Item>
        <num>B2_attack</num>
        <type>B2_archer</type>
        <pngPrefix>B2</pngPrefix>
        <action>attack</action>
        <startPos>0</startPos>
        <endPos>2</endPos>
    </Item>
    <Item>
        <num>B2_dead</num>
        <type>B2_archer</type>
        <pngPrefix>B2</pngPrefix>
        <action>dead</action>
        <startPos>7</startPos>
        <endPos>9</endPos>
    </Item>
    <Item>
        <num>B3_stand</num>
        <type>B3_general</type>
        <pngPrefix>B3</pngPrefix>
        <action>stand</action>
        <startPos>6</startPos>
        <endPos>7</endPos>
    </Item>
    <Item>
        <num>B3_walk</num>
        <type>B3_general</type>
        <pngPrefix>B3</pngPrefix>
        <action>walk</action>
        <startPos>4</startPos>
        <endPos>6</endPos>
    </Item>
    <Item>
        <num>B3_attack</num>
        <type>B3_general</type>
        <pngPrefix>B3</pngPrefix>
        <action>attack</action>
        <startPos>0</startPos>
        <endPos>4</endPos>
    </Item>
    <Item>
        <num>B3_dead</num>
        <type>B3_general</type>
        <pngPrefix>B3</pngPrefix>
        <action>dead</action>
        <startPos>7</startPos>
        <endPos>9</endPos>
    </Item>
    <Item>
        <num>B4_stand</num>
        <type>B4_lance</type>
        <pngPrefix>B4</pngPrefix>
        <action>stand</action>
        <startPos>6</startPos>
        <endPos>7</endPos>
    </Item>
    <Item>
        <num>B4_walk</num>
        <type>B4_lance</type>
        <pngPrefix>B4</pngPrefix>
        <action>walk</action>
        <startPos>4</startPos>
        <endPos>6</endPos>
    </Item>
    <Item>
        <num>B4_attack</num>
        <type>B4_lance</type>
        <pngPrefix>B4</pngPrefix>
        <action>attack</action>
        <startPos>0</startPos>
        <endPos>4</endPos>
    </Item>
    <Item>
        <num>B4_dead</num>
        <type>B4_lance</type>
        <pngPrefix>B4</pngPrefix>
        <action>dead</action>
        <startPos>7</startPos>
        <endPos>9</endPos>
    </Item>
    <Item>
        <num>Hero02_stand</num>
        <type>Hero02_general</type>
        <pngPrefix>Hero02</pngPrefix>
        <action>stand</action>
        <startPos>6</startPos>
        <endPos>7</endPos>
    </Item>
    <Item>
        <num>Hero02_walk</num>
        <type>Hero02_general</type>
        <pngPrefix>Hero02</pngPrefix>
        <action>walk</action>
        <startPos>4</startPos>
        <endPos>6</endPos>
    </Item>
    <Item>
        <num>Hero02_attack</num>
        <type>Hero02_general</type>
        <pngPrefix>Hero02</pngPrefix>
        <action>attack</action>
        <startPos>0</startPos>
        <endPos>4</endPos>
    </Item>
    <Item>
        <num>Hero02_dead</num>
        <type>Hero02_general</type>
        <pngPrefix>Hero02</pngPrefix>
        <action>dead</action>
        <startPos>7</startPos>
        <endPos>9</endPos>
    </Item>
    <Item>
        <num>Hero11_stand</num>
        <type>Hero11_infantry</type>
        <pngPrefix>Hero11</pngPrefix>
        <action>stand</action>
        <startPos>6</startPos>
        <endPos>7</endPos>
    </Item>
    <Item>
        <num>Hero11_walk</num>
        <type>Hero11_infantry</type>
        <pngPrefix>Hero11</pngPrefix>
        <action>walk</action>
        <startPos>4</startPos>
        <endPos>6</endPos>
    </Item>
    <Item>
        <num>Hero11_attack</num>
        <type>Hero11_infantry</type>
        <pngPrefix>Hero11</pngPrefix>
        <action>attack</action>
        <startPos>0</startPos>
        <endPos>4</endPos>
    </Item>
    <Item>
        <num>Hero11_dead</num>
        <type>Hero11_infantry</type>
        <pngPrefix>Hero11</pngPrefix>
        <action>dead</action>
        <startPos>7</startPos>
        <endPos>9</endPos>
    </Item>    
</Root>
