<?xml version="1.0" ?>
<!--Arms-->
<Root>
    <Item>
        <type>A1_infantry</type>
        <attackHp>18</attackHp>
        <defenceHp>4</defenceHp>
        <attackDistance>0.0f</attackDistance>
        <cost>1000</cost>
        <pictureName>A1_6.png</pictureName>
        <weaponPictureName></weaponPictureName>
        <progressTime></progressTime>
    </Item>
    <Item>
        <type>A2_archer</type>
        <attackHp>15</attackHp>
        <defenceHp>3</defenceHp>
        <attackDistance>120.0f</attackDistance>
        <cost>2500</cost>
        <pictureName>A2_6.png</pictureName>
        <weaponPictureName>arrow.png</weaponPictureName>
        <progressTime></progressTime>
    </Item>
    <Item>
        <type>Hero02_general</type>
        <attackHp>20</attackHp>
        <defenceHp>6</defenceHp>
        <attackDistance>0.0f</attackDistance>
        <cost></cost>
        <pictureName>Hero02_6.png</pictureName>
        <weaponPictureName></weaponPictureName>
        <progressTime></progressTime>
    </Item>
    <Item>
        <type>B1_infantry</type>
        <attackHp>18</attackHp>
        <defenceHp>4</defenceHp>
        <attackDistance>0.0f</attackDistance>
        <cost></cost>
        <pictureName>B1_6.png</pictureName>
        <weaponPictureName></weaponPictureName>
        <progressTime></progressTime>
    </Item>        
</Root>
