<?xml version="1.0" ?>
<!--Arms-->
<Root>
    <Item>
        <type>A1_infantry</type>
        <attackHp>18</attackHp>
        <defenceHp>4</defenceHp>
        <attackDistance>0.0f</attackDistance>
        <cost>100</cost>
        <pictureName>A1_6.png</pictureName>
        <weaponPictureName></weaponPictureName>
        <progressTime>10.0f</progressTime>
        <speed></speed>
        <life>200</life>
        <money></money>
        <childType></childType>
    </Item>
    <Item>
        <type>A2_archer</type>
        <attackHp>15</attackHp>
        <defenceHp>3</defenceHp>
        <attackDistance>120.0f</attackDistance>
        <cost>100</cost>
        <pictureName>A2_6.png</pictureName>
        <weaponPictureName>arrow.png</weaponPictureName>
        <progressTime></progressTime>
        <speed></speed>
        <life>200</life>
        <money></money>
        <childType></childType>
    </Item>
    <Item>
        <type>A3_general</type>
        <attackHp>20</attackHp>
        <defenceHp>6</defenceHp>
        <attackDistance>0.0f</attackDistance>
        <cost>200</cost>
        <pictureName>A3_6.png</pictureName>
        <weaponPictureName></weaponPictureName>
        <progressTime></progressTime>
        <speed>2.0f</speed>
        <life>400</life>
        <money></money>
        <childType></childType>
    </Item>
    <Item>
        <type>A4_lance</type>
        <attackHp>15</attackHp>
        <defenceHp>4</defenceHp>
        <attackDistance>0.0f</attackDistance>
        <cost>100</cost>
        <pictureName>A4_6.png</pictureName>
        <weaponPictureName></weaponPictureName>
        <progressTime></progressTime>
        <speed></speed>
        <life>200</life>
        <money></money>
        <childType></childType>
    </Item>
    <Item>
        <type>B1_infantry</type>
        <attackHp>18</attackHp>
        <defenceHp>4</defenceHp>
        <attackDistance>0.0f</attackDistance>
        <cost></cost>
        <pictureName>B1_6.png</pictureName>
        <weaponPictureName></weaponPictureName>
        <progressTime></progressTime>
        <speed></speed>
        <life>200</life>
        <money></money>
        <childType></childType>
    </Item>
    <Item>
        <type>B2_archer</type>
        <attackHp>15</attackHp>
        <defenceHp>3</defenceHp>
        <attackDistance>120.0f</attackDistance>
        <cost>100</cost>
        <pictureName>B2_6.png</pictureName>
        <weaponPictureName>arrow.png</weaponPictureName>
        <progressTime></progressTime>
        <speed></speed>
        <life>200</life>
        <money></money>
        <childType></childType>
    </Item>
    <Item>
        <type>B3_general</type>
        <attackHp>20</attackHp>
        <defenceHp>6</defenceHp>
        <attackDistance>0.0f</attackDistance>
        <cost>200</cost>
        <pictureName>B3_6.png</pictureName>
        <weaponPictureName></weaponPictureName>
        <progressTime></progressTime>
        <speed>2.0f</speed>
        <life>400</life>
        <money></money>
        <childType></childType>
    </Item>
    <Item>
        <type>B4_lance</type>
        <attackHp>15</attackHp>
        <defenceHp>4</defenceHp>
        <attackDistance>0.0f</attackDistance>
        <cost>1500</cost>
        <pictureName>B4_6.png</pictureName>
        <weaponPictureName></weaponPictureName>
        <progressTime></progressTime>
        <speed></speed>
        <life>200</life>
        <money></money>
        <childType></childType>
    </Item>
    <Item>
        <type>Hero02_general</type>
        <attackHp>25</attackHp>
        <defenceHp>11</defenceHp>
        <attackDistance>0.0f</attackDistance>
        <cost>5000</cost>
        <pictureName>Hero02_6.png</pictureName>
        <weaponPictureName></weaponPictureName>
        <progressTime></progressTime>
        <speed>2.0f</speed>
        <life>400</life>
        <money></money>
        <childType></childType>
    </Item>
    <Item>
        <type>Hero11_infantry</type>
        <attackHp>23</attackHp>
        <defenceHp>9</defenceHp>
        <attackDistance>0.0f</attackDistance>
        <cost>4000</cost>
        <pictureName>Hero11_6.png</pictureName>
        <weaponPictureName></weaponPictureName>
        <progressTime></progressTime>
        <speed></speed>
        <life>400</life>
        <money></money>
        <childType></childType>
    </Item>
</Root>
