<?xml version="1.0" ?>
<!--Enemy-->
<Root>
    <Item>
        <time>1.0f</time>
        <Array>
            <type>Hero02_general</type>
            <type>B1_infantry</type>
            <type>Hero02_general</type>
            <type>Hero02_general</type>
            <type>B1_infantry</type>
            <type>B1_infantry</type>
        </Array>
    </Item>
    <Item>
        <time>100.0f</time>
        <Array>
            <type>Hero02_general</type>
            <type>B1_infantry</type>
            <type>B1_infantry</type>
        </Array>
    </Item>
</Root>
