<?xml version="1.0" ?>
<!--Enemy-->
<Root>
    <Item>
        <time>1.0f</time>
        <Array>
            <type>B3_general</type>
            <type>B1_infantry</type>
            <type>B2_archer</type>
            <type>B4_lance</type>
        </Array>
    </Item>
    <Item>
        <time>10.0f</time>
        <Array>
            <type>B4_lance</type>
        </Array>
    </Item>
    <Item>
        <time>20.0f</time>
        <Array>
            <type>B2_archer</type>
            <type>B3_general</type>
        </Array>
    </Item>
</Root>
