<?xml version="1.0" ?>
<!--Enemy-->
<Root>
    <Item>
        <time>10.0f</time>
        <Array>
            <type>B1_infantry</type>
        </Array>
    </Item>
    <Item>
        <time>25.0f</time>
        <Array>
            <type>B4_lance</type>
        </Array>
    </Item>
    <Item>
        <time>35.0f</time>
        <Array>
            <type>B3_general</type>
        </Array>
    </Item>
    <Item>
        <time>45.0f</time>
        <Array>
            <type>B1_infantry</type>
        </Array>
    </Item>
    <Item>
        <time>60.0f</time>
        <Array>
            <type>B1_infantry</type>
            <type>B3_general</type>
        </Array>
    </Item>
    <Item>
        <time>70.0f</time>
        <Array>
            <type>B1_infantry</type>
            <type>B4_lance</type>
            <type>B4_lance</type>
        </Array>
    </Item>
    <Item>
        <time>85.0f</time>
        <Array>
            <type>B1_infantry</type>
            <type>B3_general</type>
            <type>B4_lance</type>
        </Array>
    </Item>
    <Item>
        <time>100.0f</time>
        <Array>
            <type>B3_general</type>
            <type>B1_infantry</type>
            <type>B2_archer</type>
            <type>B4_lance</type>
            <type>B3_general</type>
            <type>B3_general</type>
        </Array>
    </Item>
</Root>
