<?xml version="1.0" ?>
<!--Arms-->
<Root>
    <Item>
        <type>Hero02_general</type>
        <leadwidth>128.0f</leadwidth>
        <leadheight>128.0f</leadheight>
        <Array>
            <stratagem1>fire</stratagem1>
            <stratagem1>horsemovemagic</stratagem1>
        </Array>
        <Array>
            <stratagem2>fire</stratagem2>
        </Array>
    </Item>
    <Item>
        <type>Hero11_infantry</type>
        <leadwidth>64.0f</leadwidth>
        <leadheight>64.0f</leadheight>
    </Item>
</Root>
