<?xml version="1.0" ?>
<!--Levels-->
<Root>
    <Item>
        <name>test</name>
        <map>TileMap.tmx</map>
        <enemy>Enemy.xml</enemy>
        <money>5000</money>
        <ArmsMenu>ArmsMenu.xml</ArmsMenu>
        <PropsMenu>PropsMenu.xml</PropsMenu>
    </Item>
    <Item>
        <name>1</name>
        <map>TileMap.tmx</map>
        <enemy>Enemy.xml</enemy>
        <money>5000</money>
        <ArmsMenu>ArmsMenu.xml</ArmsMenu>
        <PropsMenu>PropsMenu.xml</PropsMenu>
    </Item>
    <Item>
        <name>2</name>
        <map>TileMap.tmx</map>
        <enemy>Enemy.xml</enemy>
        <money>5000</money>
        <ArmsMenu>ArmsMenu.xml</ArmsMenu>
        <PropsMenu>PropsMenu.xml</PropsMenu>
    </Item>  
    <Item>
        <name>3</name>
        <map>TileMap.tmx</map>
        <enemy>Enemy.xml</enemy>
        <money>5000</money>
        <ArmsMenu>ArmsMenu.xml</ArmsMenu>
        <PropsMenu>PropsMenu.xml</PropsMenu>
    </Item>  
    <Item>
        <name>4</name>
        <map>TileMap.tmx</map>
        <enemy>Enemy.xml</enemy>
        <money>5000</money>
        <ArmsMenu>ArmsMenu.xml</ArmsMenu>
        <PropsMenu>PropsMenu.xml</PropsMenu>
    </Item>  
    <Item>
        <name>5</name>
        <map>TileMap.tmx</map>
        <enemy>Enemy.xml</enemy>
        <money>5000</money>
        <ArmsMenu>ArmsMenu.xml</ArmsMenu>
        <PropsMenu>PropsMenu.xml</PropsMenu>
    </Item>  
    <Item>
        <name>6</name>
        <map>TileMap.tmx</map>
        <enemy>Enemy.xml</enemy>
        <money>5000</money>
        <ArmsMenu>ArmsMenu.xml</ArmsMenu>
        <PropsMenu>PropsMenu.xml</PropsMenu>
    </Item>       
</Root>
