<?xml version="1.0" ?>
<!--Levels-->
<Root>
    <Item>
        <name>test</name>
        <map>TileMap.tmx</map>
        <enemy>Enemy.xml</enemy>
        <money>90000</money>
        <ArmsMenu>ArmsMenu.xml</ArmsMenu>
        <PropsMenu>PropsMenu.xml</PropsMenu>
    </Item>
    <Item>
        <name>1</name>
        <map>TileMap_1.tmx</map>
        <enemy>Enemy_1.xml</enemy>
        <money>50</money>
        <ArmsMenu>ArmsMenu.xml</ArmsMenu>
        <PropsMenu>PropsMenu.xml</PropsMenu>
    </Item>
    <Item>
        <name>2</name>
        <map>TileMap_2.tmx</map>
        <enemy>Enemy.xml</enemy>
        <money>20000</money>
        <ArmsMenu>ArmsMenu.xml</ArmsMenu>
        <PropsMenu>PropsMenu.xml</PropsMenu>
    </Item>  
    <Item>
        <name>3</name>
        <map>TileMap_3.tmx</map>
        <enemy>Enemy_3.xml</enemy>
        <money>30000</money>
        <ArmsMenu>ArmsMenu.xml</ArmsMenu>
        <PropsMenu>PropsMenu.xml</PropsMenu>
    </Item>  
    <Item>
        <name>4</name>
        <map>TileMap.tmx</map>
        <enemy>Enemy_4.xml</enemy>
        <money>40000</money>
        <ArmsMenu>ArmsMenu.xml</ArmsMenu>
        <PropsMenu>PropsMenu.xml</PropsMenu>
    </Item>  
    <Item>
        <name>5</name>
        <map>TileMap_5.tmx</map>
        <enemy>Enemy_5.xml</enemy>
        <money>50000</money>
        <ArmsMenu>ArmsMenu.xml</ArmsMenu>
        <PropsMenu>PropsMenu.xml</PropsMenu>
    </Item>  
    <Item>
        <name>6</name>
        <map>TileMap.tmx</map>
        <enemy>Enemy_6.xml</enemy>
        <money>60000</money>
        <ArmsMenu>ArmsMenu.xml</ArmsMenu>
        <PropsMenu>PropsMenu.xml</PropsMenu>
    </Item>       
</Root>
