<?xml version="1.0" ?>
<!--Arms-->
<Root>
    <Item>
        <name>ActorsPack1.plist</name>
    </Item>
    <Item>
        <name>frame.plist</name>
    </Item>
    <Item>
        <name>arrow.plist</name>
    </Item>
    <Item>
        <name>ui_selectSoldier.plist</name>
    </Item>
    <Item>
        <name>money.plist</name>
    </Item>
    <Item>
        <name>stencil.plist</name>
    </Item>
    <Item>
        <name>firemenu.plist</name>
    </Item>
    <Item>
        <name>horseattack.plist</name>
    </Item>
    <Item>
        <name>GameUI01.plist</name>
    </Item>
    <Item>
        <name>edge.plist</name>
    </Item>
    <Item>
        <name>gameover.plist</name>
    </Item>
    <Item>
        <name>arrowattack.plist</name>
    </Item>
    <Item>
        <name>knifeattack.plist</name>
    </Item>
    <Item>
        <name>lance.plist</name>
    </Item>
    <Item>
        <name>range.plist</name>
    </Item>
    <Item>
        <name>generalweapon.plist</name>
    </Item>
</Root>
