<?xml version="1.0" ?>
<!--Arms-->
<Root>
    <Item>
        <type>fire</type>
        <magicType>fire</magicType>
        <cost>1500</cost>
        <attackHp></attackHp>
        <defenceHp></defenceHp>
        <attackMultiple></attackMultiple>
        <hurtHp>500</hurtHp>
        <pictureName>firemenu.png</pictureName>
        <progressTime>10.0f</progressTime>
        <life></life>
        <money></money>
        <childType></childType>
    </Item>
    <Item>
        <type>horsemovemagic</type>
        <magicType>horsemovemagic</magicType>
        <cost>300</cost>
        <attackHp></attackHp>
        <defenceHp></defenceHp>
        <attackMultiple>10</attackMultiple>
        <hurtHp></hurtHp>
        <pictureName>horseattack.png</pictureName>
        <progressTime></progressTime>
        <life></life>
        <money></money>
        <childType></childType>
    </Item>
    <Item>
        <type>arrow</type>
        <magicType>arrow</magicType>
        <cost>300</cost>
        <attackHp></attackHp>
        <defenceHp></defenceHp>
        <attackMultiple></attackMultiple>
        <hurtHp>200</hurtHp>
        <pictureName>arrowattack.png</pictureName>
        <progressTime></progressTime>
        <life></life>
        <money></money>
        <childType></childType>
    </Item>
    <Item>
        <type>knife</type>
        <magicType>knife</magicType>
        <cost>300</cost>
        <attackHp></attackHp>
        <defenceHp></defenceHp>
        <attackMultiple>10</attackMultiple>
        <hurtHp></hurtHp>
        <pictureName>knifeattack.png</pictureName>
        <progressTime></progressTime>
        <life></life>
        <money></money>
        <childType></childType>
    </Item>
    <Item>
        <type>lance</type>
        <magicType>lance</magicType>
        <cost>300</cost>
        <attackHp></attackHp>
        <defenceHp></defenceHp>
        <attackMultiple>10</attackMultiple>
        <hurtHp></hurtHp>
        <pictureName>lance.png</pictureName>
        <progressTime>2.0f</progressTime>
        <life></life>
        <money></money>
        <childType></childType>
    </Item>
    <Item>
        <type>range</type>
        <magicType>range</magicType>
        <cost>300</cost>
        <attackHp></attackHp>
        <defenceHp></defenceHp>
        <attackMultiple></attackMultiple>
        <hurtHp></hurtHp>
        <pictureName>range.png</pictureName>
        <progressTime>2.0f</progressTime>
        <life></life>
        <money></money>
        <childType></childType>
    </Item>
    <Item>
        <type>qinglong</type>
        <magicType>weapon</magicType>
        <cost>300</cost>
        <attackHp>5</attackHp>
        <defenceHp></defenceHp>
        <attackMultiple></attackMultiple>
        <hurtHp></hurtHp>
        <pictureName>qinglong.png</pictureName>
        <progressTime>10.0f</progressTime>
        <life></life>
        <money></money>
        <childType></childType>
    </Item>
    <Item>
        <type>yinjia</type>
        <magicType>weapon</magicType>
        <cost>300</cost>
        <attackHp></attackHp>
        <defenceHp>5</defenceHp>
        <attackMultiple></attackMultiple>
        <hurtHp></hurtHp>
        <pictureName>yinjia.png</pictureName>
        <progressTime>10.0f</progressTime>
        <life></life>
        <money></money>
        <childType></childType>
    </Item>
    <Item>
        <type>goldfactory</type>
        <magicType>goldfactory</magicType>
        <cost>50</cost>
        <attackHp></attackHp>
        <defenceHp></defenceHp>
        <attackMultiple></attackMultiple>
        <hurtHp></hurtHp>
        <pictureName>goldfactory.png</pictureName>
        <progressTime></progressTime>
        <life>100</life>
        <money></money>
        <childType>gold</childType>
    </Item>
    <Item>
        <type>gold</type>
        <magicType></magicType>
        <cost></cost>
        <attackHp></attackHp>
        <defenceHp></defenceHp>
        <attackMultiple></attackMultiple>
        <hurtHp></hurtHp>
        <pictureName>gold_4.png</pictureName>
        <progressTime></progressTime>
        <life></life>
        <money>25</money>
        <childType></childType>
    </Item>
    <Item>
        <type>bombmenu</type>
        <magicType>bomb</magicType>
        <cost>300</cost>
        <attackHp></attackHp>
        <defenceHp></defenceHp>
        <attackMultiple></attackMultiple>
        <hurtHp>10000</hurtHp>
        <pictureName>bombmenu.png</pictureName>
        <progressTime>10.0f</progressTime>
        <life></life>
        <money></money>
        <childType></childType>
    </Item>
    <Item>
        <type>generalenergy</type>
        <magicType>generalenergy</magicType>
        <cost>300</cost>
        <attackHp></attackHp>
        <defenceHp></defenceHp>
        <attackMultiple></attackMultiple>
        <hurtHp></hurtHp>
        <pictureName>horseattack.png</pictureName>
        <progressTime></progressTime>
        <life></life>
        <money></money>
        <childType>generalenergyattacked</childType>
    </Item>
    <Item>
        <type>generalenergyattacked</type>
        <magicType>generalenergyattacked</magicType>
        <cost></cost>
        <attackHp></attackHp>
        <defenceHp></defenceHp>
        <attackMultiple></attackMultiple>
        <hurtHp>100</hurtHp>
        <pictureName></pictureName>
        <progressTime></progressTime>
        <life></life>
        <money></money>
        <childType></childType>
    </Item>
    <Item>
        <type>knifeenergy</type>
        <magicType>knifeenergy</magicType>
        <cost>300</cost>
        <attackHp></attackHp>
        <defenceHp></defenceHp>
        <attackMultiple></attackMultiple>
        <hurtHp></hurtHp>
        <pictureName>knifeattack.png</pictureName>
        <progressTime></progressTime>
        <life></life>
        <money></money>
        <childType>knifeenergyattacked</childType>
    </Item>
    <Item>
        <type>knifeenergyattacked</type>
        <magicType>knifeenergyattacked</magicType>
        <cost></cost>
        <attackHp></attackHp>
        <defenceHp></defenceHp>
        <attackMultiple></attackMultiple>
        <hurtHp>100</hurtHp>
        <pictureName></pictureName>
        <progressTime></progressTime>
        <life></life>
        <money></money>
        <childType></childType>
    </Item>
    <Item>
        <type>lanceenergy</type>
        <magicType>lanceenergy</magicType>
        <cost>300</cost>
        <attackHp></attackHp>
        <defenceHp></defenceHp>
        <attackMultiple></attackMultiple>
        <hurtHp></hurtHp>
        <pictureName>lance.png</pictureName>
        <progressTime></progressTime>
        <life></life>
        <money></money>
        <childType>lanceenergyattacked</childType>
    </Item>
    <Item>
        <type>lanceenergyattacked</type>
        <magicType>lanceenergyattacked</magicType>
        <cost></cost>
        <attackHp></attackHp>
        <defenceHp></defenceHp>
        <attackMultiple></attackMultiple>
        <hurtHp>100</hurtHp>
        <pictureName></pictureName>
        <progressTime></progressTime>
        <life></life>
        <money></money>
        <childType></childType>
    </Item>

</Root>
