<?xml version="1.0" ?>
<!--Arms-->
<Root>
    <Item>
        <type>fire</type>
        <cost>1500</cost>
        <pictureName>firemenu.png</pictureName>
        <progressTime>10.0f</progressTime>
    </Item>
    <Item>
        <type>horseattack</type>
        <cost>300</cost>
        <pictureName>horseattack.png</pictureName>
        <progressTime></progressTime>
    </Item>
    <Item>
        <type>arrowattack</type>
        <cost>300</cost>
        <pictureName>arrowattack.png</pictureName>
        <progressTime></progressTime>
    </Item>
</Root>
