<?xml version="1.0" ?>
<!--Arms-->
<Root>
    <Item>
        <type>fire</type>
        <cost>1500</cost>
        <pictureName>firemenu.png</pictureName>
        <progressTime>10.0f</progressTime>
    </Item>
    <Item>
        <type>horsemovemagic</type>
        <cost>300</cost>
        <pictureName>horseattack.png</pictureName>
        <progressTime></progressTime>
    </Item>
    <Item>
        <type>arrow</type>
        <cost>300</cost>
        <pictureName>arrowattack.png</pictureName>
        <progressTime></progressTime>
    </Item>
    <Item>
        <type>knife</type>
        <cost>300</cost>
        <pictureName>knifeattack.png</pictureName>
        <progressTime></progressTime>
    </Item>
    <Item>
        <type>lance</type>
        <cost>300</cost>
        <pictureName>lance.png</pictureName>
        <progressTime>2.0f</progressTime>
    </Item>
    <Item>
        <type>range</type>
        <cost>300</cost>
        <pictureName>guanyu.png</pictureName>
        <progressTime>2.0f</progressTime>
    </Item>
</Root>
